id,expected
0,0.5490473637280756
1,0.6044747101981405
2,0.49553413497444093
3,0.29532061741001137
4,0.2239784162509651
5,0.6657857842546898
6,0.6667678644586291
7,0.7094044642358757
8,0.32192744047315186
9,0.5696145254187923
10,0.3638505623903159
11,0.6938107071201558
12,0.6922998750019395
13,0.591010275540312
14,0.49514150843897775
15,0.1726609166374951
16,0.4789386874835905
17,0.46764503038972344
18,0.5891271590372995
19,0.5633427294284274
